adId,Title,Price,Description,Location,Ddate Posted,Features,URL,Type
1565898454,Renovated 1 Bedroom Apartment (Plateau Mont-Royal) Available!,1 549 $,"[""*English version to followSitué au cur du quartier tendance du Plateau Mont-Royal, Le Neuville surplombe le parc La Fontaine, un des plus grands parcs de Montréal!Commodités des appartements:Balcon dans certaines unitésÉlectroménagers en acier inoxydableLave-vaisselle disponible dans certaines suitesNouveaux planchersAnimaux acceptésRécemment rénovéCommodités de l'immeuble:Service d'urgence 24 heuresAscenseursPiscine intérieureSaunaCentre de conditionnement physiqueTerrasse sur le toit avec BBQBuanderie sur placePersonnel sur placeVues de la ville et du Parc La FontaineStationnement disponibleTous les utilitaires inclus!Contactez-nous par téléphone ou courrierl pour plus d'information ou pour prendre un rendez-vous!*S.E.O. Prix sujets à changement et les finitions peuvent varier. Contactez le coordonnateur du service à la clientèle pour plus d'information.___________________________________________________Located in the heart of the trendy Le Plateau Mont-Royal, Le Neuville overlooks Parc La Fontaine, one of Montreal's largest parks!Suite Amenities:BalconyStainless Steel AppliancesDishwasher Available in Select SuitesNew FlooringPet FriendlyRecently RenovatedBuilding Amenities:24 Hour Emergency ServiceElevatorsIndoor PoolSaunaFitness CenterRooftop Patio with BBQLaundry FacilitiesOn-Site StaffPark and City ViewsParking availableAll utilities included!For more information, or to book a viewing please call or email!*E. & O.E. Pricing subject to change and finishings may vary, contact Customer Care Coordinator for more info.""]","1101 Rue Rachel Est, Montreal, QC, H2J 2J7",il y a 23 jours,"['0', '1 an', 'Oui', 'Non disponible', 'Non', 'Non', 'Non<']",https://www.kijiji.ca/v-appartement-condo/ville-de-montreal/renovated-1-bedroom-apartment-plateau-mont-royal-available/1565898454,apartment
1505845024,514-612-7910- 1 BDRM– HEATING & HOT WATER INCLUDED,875 $,"['9 floor complex located in Cote St-Luc.Near bus stops, shopping and 10 minutes from Metro Villa Maria.15 Minutes from downtownHeating and Hot water includedInterior garage space available at an extra costAll apartments have 9 feet ceilingsRenovated building2 ElevatorsJanitor and Rental clerk on siteMUST SEE !!514-612-7910 or']","7910 Cote St-Luc, Cote St-Luc, QC, H4W 1R2",il y a 2 jours,"['0', '1 an', 'Non', 'Non disponible', 'Non', 'Non', ""Seulement à l'extérieur<""]",https://www.kijiji.ca/v-appartement-condo/ville-de-montreal/514-612-7910-1-bdrm-heating-hot-water-included/1505845024,apartment
1568063126,Room for rent in Furnished large Apartment near McGill Univ,700 $,['One furnished bedroom available immediately in a bright and large furnished apartment with four bedrooms. Three rooms are already occupied by two males and one female. Washer dryer is in the apartment. The building is in a great location with a doorman and a security fob for entry. Ideally located for McGill students right opposite the Roddick Gates and very close to the library. Normally rented for $800 per month. Reduced for COVID period only. Male or female tenant welcome to apply and request for a showing.\nOne year lease.\nVideo: https://youtu.be/toqi_G9Owu4\nText or Whatsapp +15145863148'],"900 Rue Sherbrooke Ouest, Montréal, QC H3A 1G3, Canada",il y a 11 jours,Meublé : Oui|Animaux acceptés : Non|,https://www.kijiji.ca/v-chambres-a-louer-colocataire/ville-de-montreal/room-for-rent-in-furnished-large-apartment-near-mcgill-univ/1568063126,Room
1568935059,MYX CONDO FOR RENT IN NUNS ISLAND-MYX CONDO LOUER ILE DES SOEURS,2 250 $,"[""Bienvenue dans le nouveau développement de condos MYX.Soyez le premier à vivre dans cette toute nouvelle unité de 2 chambres située au coeur de l'Ile-des-soeurs sur la pointe nord. Cette unité est un espace de vie ensoleillé et ouvert, avec une cuisine moderne, des appareils électroménagers neufs, un balcon face à la rivière et aussi au centre-ville, avec de hauts plafonds, une magnifique salle de bains principale attenante, un branchement laveuse et sécheuse dans un espace caché, et superbe finitions haut de gamme. Ce condo est idéalement situé car il est à proximité de nombreux sentiers pédestres, pistes cyclables, parcs riverains, commerces de proximité ainsi que de la future station REM. MYX condos vous propose plusieurs prestations telles que:- Terrasse panoramique sur le toit et vue sur la ville- Piscine sur le toit- Salle de sport entièrement équipée- Chalet urbain- Portier- Coin salon et cuisine- Salle de conférence privéeDisponible dès maintenant.Non-fumeur. Pas de chiens. Pas d'animaux. Bail minimum de 3 ans.Appelez-moi / envoyez-moi un SMS au 514-830-7252.\n*************************************************\nWelcome to the stunning new MYX condo development.Be the first to live in this brand new 2 bedroom unit situated in the heart of Ile-des-soeurs.This exquisite unit is a sunny and open living space, with a modern kitchen, brand new appliances, a balcony facing the river and also downtown, with high ceilings, gorgeous ensuite master bathroom, a washer and dryer hookup in a hidden space, and stunning high end finishings. This condo is conveniently located as it is near numerous walking trails, bicycle paths, waterfront parks, local stores as well as the future REM station.MYX condos offers you several amenities such as:\n- Panoramic rooftop terrace and view of the city,\n- Rooftop pool,\n- Fully equipped gym,\n- Urban chalet\n- Doorman,\n- Lounge area and kitchen,\n- Private conference room,Available now. Non-smoking. No dogs. No animals. Minimum lease of 3 years.Please call or text at 514-830-7252""]","112 Chemin de la Pointe N, Verdun, QC H3E 0E3, Canada",il y a 6 jours,"['1', '1 an', '<span>1 juin 2021</span>', 'Non', '950', 'Non', 'Oui', 'Non', 'Non', 'Non', 'Oui<']",https://www.kijiji.ca/v-appartement-condo/ville-de-montreal/myx-condo-for-rent-in-nuns-island-myx-condo-louer-ile-des-soeurs/1568935059,apartment
1569460152,3 1/2 à louer dans Rosemont Petite-Patrie!,1 250 $,"['*Disponible dès le 1er juillet*\nJournée de visite le dimanche 6 juin entre 10h et 14hCondo très lumineux avec salon/cuisine à aire ouverte et chambre à coucher fermée. Immense ilot dans la cuisine avec comptoirs en Quartz.Pour les amoureux de la vie de quartier, vous serez séduits par l’emplacement! À deux pas du Parc Molson, du cinéma Beaubien, ainsi que de nombreux restaurants, bars, commerces, pharmacies, SAQ et épiceries…- La fenêtre de la chambre mène sur une ruelle verte. Tranquillité garantie!- Électroménagers INCLUS (frigidaire, lave-vaisselle, four micro-onde avec hotte, cuisinière et laveuse-sécheuse).- Très grand balcon-terrasse de 12,9 x 5,1 pieds.- Walk-in dans la chambre à coucher.- Plafonds de 9 pieds.- Air climatisé central et thermopompe.- Accès à une terrasse commune sur le toit de l’immeuble.- À deux pas des lignes d’autobus 18 Beaubien (à 11 minutes du métro Beaubien), 10 Papineau et 445 Express centre-ville.Contactez-nous pour une visite!\nAu plaisir!']","H2G2P5, Canada",il y a 2 jours,"['0', '1 an', '<span>1 juillet 2021</span>', 'Non', '650', 'Non', 'Oui', 'Non', 'Non', 'Non', 'Oui<']",https://www.kijiji.ca/v-appartement-condo/ville-de-montreal/3-1-2-a-louer-dans-rosemont-petite-patrie/1569460152,apartment
1569920538,Condo Moderne à Louer 3 1/2 Rosemont Petite-Patrie,1 280 $,"['*Superbe condo moderne, urbain, bien éclairé et à aire ouverte à louer:Ce condo construit en 2013 est située à environ 7 minutes à pieds du métro Rosemont et à quelques minutes du parc Père-Marquette et du parc Laurier sur le Plateau Mont-Royal. Beau concept ouvert avec un grand espace de vie, comprenant entre autres une salle de bain et une cuisine au design moderne et urbaine. Du salon, vous avez un accès à un balcon de bonne grandeur et qui donne une vue sur la rue. Le condo possède également un petit espace de rangement.Superficie: environ 700 pieds carréesLocation de 12 mois minimale et disponible à partir du 1er juillet 2021.Le condo est semi-meublé et comprend:Lave-vaisselles\nLaveuse\nSécheuse\nCuisinière\nRéfrigérateur\nAir climatisé mural\nNon fumeurs seulement, animaux interditsPlusieurs points de services facilement accessibles à pieds:Épicerie, Boulangerie, Fruiterie, Boucherie,\nQuincaillerie,\nBanque,\nBar, restaurant et microbrasserie\nPharmacie, CLSC,\nTransports en commun (Autobus, Métro, Bixi)\n--------------------------------------------------------* Superb modern, urban, well-lit and open concept condo for rent:This condo built in 2013 is located about 7 minutes walk from Rosemont metro station and a few minutes from Père-Marquette park and Laurier park on the Plateau Mont-Royal. Beautiful open concept with a large living space, including a bathroom and a kitchen with a modern and urban design. From the living room, you have access to a good size balcony which gives a view on the street. The condo also has a small storage space.Area: approximately 700 square feetMinimum 12-month rental and available from July 1st, 2021.The condo is semi-furnished and includes:Dishwasher\nWasher\nDryer\nCooker\nRefrigerator\nWall mounted air conditioning\nNon smoking only, animals, pets not allowed.Several service points easily accessible by walk:Grocery store, Bakery, Fruit store,\nHardware store,\nBank,\nBar, restaurants and microbrewery\nPharmacy, CLSC,\nPublic transport (Bus, Metro, Bixi)']","5634 de la Roche, H2S 2C6, Montréal, QC",il y a 2 minutes,"['0', '1 an', '<span>1 juillet 2021</span>', 'Non', '700', 'Non', 'Oui', 'Non<']",https://www.kijiji.ca/v-appartement-condo/ville-de-montreal/condo-moderne-a-louer-3-1-2-rosemont-petite-patrie/1569920538,apartment
1553782714,"Jr. 1 Bdrm available at 2500 Cavendish blvd., Montreal",980 $,"[""Visit our Website: https://www.caprent.com/apartments-for-rent/montreal-qc/habitat-2500/Rental office is located at 2525 Cavendish blvd.This modern and safe complex was built in the late ’80s. Containing 144 apartments for rent in West Montreal, it is carefully maintained and in tip-top shape, located in the beautiful neighbourhood of NDG, just South of Sherbrooke Street West. It is ideally located for quick access to many expressways – 13, 15, 20 and 720. Public transit users will appreciate the fact the Vendôme metro station is only 8 minutes away by bus. In terms of services, two grocery stores, a myriad of shops, a drugstore, an SAQ Selection liquor store and two shopping malls – Cavendish Mall and Carrefour Angrignon – are all located nearby. Finally, the building is a quick 15 minute walk or 9 minute bus ride from the Loyola campus of Concordia University. The new McGill University Health Centre (MUHC) is also nearby.Parking from: $100.00\xa0What's included in your rentHeat, Hot water, ElectricityHave Questions? Contact the Property Manager: (514) 819-0175\xa0Building FeaturesAll Major Credit Cards Accepted Via   RentMoolaLaundry roomIndoor pool, sauna and whirlpool bathFitness equipmentUnderground and outdoor parkingSurveillance cameraSuperintendant on site\xa0Neighbourhood FeaturesSteps to many restaurants, coffee\xa0shops, bars, shops, grocery stores, parks, schools, pharmaciesJust minutes away from the MUHC""]","2500 Cavendish blvd., Montreal, QC, H4B 2Z6",il y a 3 minutes,"['0', '1 an', '<span>1 octobre 2020</span>', 'Non', 'Non disponible', 'Non', 'Non', 'Non<']",https://www.kijiji.ca/v-appartement-condo/ville-de-montreal/jr-1-bdrm-available-at-2500-cavendish-blvd-montreal/1553782714,apartment
1569919837,"SPACIEUX STYLE CONDO, RENOVE, FOYER, SOLARIUM, LASALLE",1 850 $,"['Complètement Rénové en 2019\n2e Étage\nSpacieux\nEnsoleillé\nInsonorisé\nSalle de Bain avec Douche en vitre Multijets + Baignoire Canoé\nPlanchers de Porcelaine\nPlanchers de Bois Francs chocolat\nCuisine en Érable\nComptoirs de Granit\nÉvier Double avec Robinet rétractable\nEntrée pour cuisinière au Gaz\nEntrée Lave-Vaisselle\nFoyer au Gaz avec Cheminée en Pierres\nAir Climatisé Mural avec Télécommande\nSystème d’Alarme\n3 Chambres Fermées\nSolarium\nTerrasse Privée Arrière avec Portes Patio\nBalcon Avant\nEntrée Privée\nPenderies avec Lumières\nLumières encastrées\nAspirateur Central\nRue Gervais, près du Boulevard Newman\nA quelques minutes de l’Épicerie MAXI, Pharmaprix, Banques, Magasins, Restaurants, Centre d’Achat Angrignon, Parc Lefebvre\nAutobus 109, 111\n20 Minutes du Metro Angrignon\nPas d’animaux\nNon-Fumeur\n1er JUILLETAppelez Dominic au 514-952-4271SPACIOUS CONDO STYLE, RENOVATED, FIREPLACE, SOLARIUM, LASALLETotally Renovated in 2019\n2e Étage\nSpacious\nSunny\nSoundproofed\nBathroom with Multijets Glass Shower + Canoé Bath Tub separated\nPorcelaine Floors\nChocolate Hardwood Floors\nMaple Floors\nGranit Countertops\nDouble Sink with Retractable Faucet\nGaz Stove Entry\nDishwasher Hookups\nGaz Fireplace with Stones chimney\nWall Air Conditionning with Remote\nAlarm System\n3 Closed Bedrooms\nSolarium\nPrivate Rear Terrace with Patio Doors\nFront Balcony\nPrivate Entrance\nClosets with Lights\nRecessed Lights\nCentral Vacuum\nGervais Street, close to Newman Boulevard\nA few Minutes to MAXI, Pharmaprix, Banks, Stores, Restaurants, Angrignon Shopping Center, Lefebvre Park\nBus 109, 111\n20 Minutes to Angrignon Metro Station\nNo Pets\nNon-Smoking\nJULY 1stCall Dominic at 514-952-4271']","2328 Rue Gervais, LaSalle, QC H8N 1K2, Canada",il y a 6 minutes,"['0', '1 an', '<span>1 juillet 2021</span>', 'Non', '1\xa0300', 'Non', 'Non', ""Seulement à l'extérieur<""]",https://www.kijiji.ca/v-appartement-condo/ville-de-montreal/spacieux-style-condo-renove-foyer-solarium-lasalle/1569919837,apartment
1569919695,Beau 3½ pour Juillet $788 / Nice 3½ for July $788,788 $,"[""Appartement spacieux 3½ sous-location ou transfer de bail pour juillet. Beaucoup d'espace de rangement, grand garde-robe dans la chambre, garde-robe dans le couloir, armoire de rangement dans la salle de bain, grand garde-manger dans la cuisine. Chauffage, eau chaude, réfrigérateur et cuisinière inclus. Laveuse et sécheuse à chaque étage de l'immeuble. Très bien situé, face au parc St Laurent, autoroute à proximité, arrêt d'autobus au coin, métro à proximité. Super concierge sur place! 788$/mois m'envoyer un courriel si vous êtes intéressé, des gens serieux s'il vous plaît.3½ spacious apartment for sublease or lease transfer for July. Lots of closet space, walk in closet in the bedroom, coat closet in hallway, storage closet in bathroom, big pantry in the kitchen. Heating, hot water, fridge & stove included. Washer & dryer on every floor in the building. Great location, in front of parc St Laurent, highway near by, bus stop at the corner, metro near by. Great concierge on site! $788/month email me if interested, serious people please.""]","975 Croissant du Ruisseau, Saint-Laurent, QC H4L 1E2, Canada",il y a 7 minutes,"['0', '1 an', '<span>1 juillet 2021</span>', 'Limité', '1', 'Non', 'Non', ""Seulement à l'extérieur<""]",https://www.kijiji.ca/v-appartement-condo/ville-de-montreal/beau-3-pour-juillet-788-nice-3-for-july-788/1569919695,apartment
1564833240,"5 1/2 avec cour et garage, rénové, à 5 min du métro Angrignon ",1 800 $,"['5-1/2 complètement rénové dans le Sud-Ouest en face du Parc Angrignon.\nDisponible immédiatement.\nSitué dans une rue paisible à côté d’une école primaire reconnue et bien cotée.\nEmplacement à 7 min à pied du metro Monk ou Angrignon\nGrands balcons avant et arrière.\nCour arrière sans voisin.\nGarage simple intégré.\nArmoire dans la cuisine en bois haute gamme avec beaucoup d’espace de rangement.\nUne très belle salle de bain.\nPlancher flottant dans toutes les chambres et céramique dans la cuisine, la salle de bain et le couloir.\nPrès de tous les services (Carrefour Angrignon) et accès facile aux autoroutes, dans un secteur très rechercher de Ville-Émard\nStationnement gratuit dans les rues avoisinantesMasques obligatoire pendant la visite\nConditions de location :\n-\tENQUETE DE CREDIT\n-\tDEMANDE DE REFERENCES\n- Pas de sous-location (Airbnb ou autre location à court terme générale)\n- Appartement strictement pour non-fumeur (pas de drogues, ni cannabis, ni cigarettes ou vapotage N’EST PERMIS sur toute la propriété)\n- Les animaux de compagnie ne sont pas permis dans l’immeuble.5-1/2 fully renovated in the south west of Montreal facing Angrignon Park\nAvailable now\nLocated on a quiet street beside a well rated primary school.\n7 min walking distance to Monk or Angrignon metro station\nTwo big balconies with one at the front and one at the back\nBackyard without neighbours behind.\nAn integrated garage\nHigh-end Kitchen cupboards in solid wood with lots of storage space\nVery nice bathroom\nFloating floors in all rooms with ceramic flooring in the kitchen and bathroom\nClose to all the services and easy access to the highways in the borough of Ville-Émard\nFree Parking is available on the streetsMasks are mandatory during the visit\nGeneral conditions for the rental of the unit:\n-\tBackground and credit check required\n-\tReference check required\n-\tNot sublets are allowed such as Airbnb or other types of short-term rentals\n-\tNo smoking or drugs are allowed on all the property (Cigarettes, cannabis, vaping or other types of drugs are not permitted)\n-\tNo pets are allowed on the property.']","H4E3B6, Canada",il y a 8 minutes,"['1', '1 an', '<span>5 mai 2021</span>', 'Non', '1\xa0000', 'Non', 'Non', 'Non<']",https://www.kijiji.ca/v-appartement-condo/ville-de-montreal/5-1-2-avec-cour-et-garage-renove-a-5-min-du-metro-angrignon/1564833240,apartment
1569919603,"St-Leonard/ Grand 3 1/2 a pied autobus, commerces et parc",775 $,"[""-Beau et Grand 3 1/2 a louer pour le 1er Juillet.\n-Situé dans un duplex dans un très beau secteur de St-Leonard.\n-Grande cuisine.\n-Chambre fermée.\n-Plancher de céramique et bois franc.\n-Entrée laveuse & sécheuse dans la cuisine.\n-À pied des autobus menant direct au métro Langelier ou Cadillac\n-À pied train de banlieue station Saint-Leonard.\n-À pied d’un grand parc avec piscine, tennis, piste cyclable, épiceries, commerces...\n-Entrée privé sur le côté de la propriété avec système d'éclairage automatique pour le soir.\n-Bel endroit paisible & sécuritaire.\n-Non-Fumeur -Pas d’animaux.\n-Rien d'inclus.Veuillez communiquer par téléphone 514-941-6309""]",", H1P 2K3, Montreal, QC, Canada",il y a 8 minutes,"['0', '1 an', '<span>1 juillet 2021</span>', 'Non', '1', 'Non', 'Non', 'Non<']",https://www.kijiji.ca/v-appartement-condo/ville-de-montreal/st-leonard-grand-3-1-2-a-pied-autobus-commerces-et-parc/1569919603,apartment
1552751056,Chambre à louer,480 $,"['Nous avons trois chambres à louer dans notre Maison de chambre. Très propre. Fraîchement rénové. Chauffé, éclairé et Internet compris. Buanderie. Cuisine commune. Toilette semi privé (partagée avec une seule chambre). Situé proche du Biodôme, Jardin botanique, CEGEP Rosemont, commerces rue Masson. Très bon quartier. Métro Pi IX et St Michel. Entre 480$ à 550$/mois']","3841 Rue Dandurand, Montréal, QC H1X 1P3, Canada",il y a 12 minutes,Meublé : Oui|Animaux acceptés : Non|,https://www.kijiji.ca/v-chambres-a-louer-colocataire/ville-de-montreal/chambre-a-louer/1552751056,Room
1569919050,COLOC 1 place libre Metro Berri-UQAM (St-Denis/Ontario),499 $,['Meublé (si nécessaire) @ 500$~550$ + 50$ services.\nMensuel (pas de bail mais possible). Animaux bienvenus (tolérés). 420/cigarette friendly (seulement).\n.\nMETROS Berri-UQAM Sherbrooke St-Laurent\nEDUCATION UQAM Vieux MTL ETS McGill Concordia'],", Montreal H2X 1H6 QC, Canada",il y a 12 minutes,Meublé : Oui|Animaux acceptés : Oui|,https://www.kijiji.ca/v-chambres-a-louer-colocataire/ville-de-montreal/coloc-1-place-libre-metro-berri-uqam-st-denis-ontario/1569919050,Room
1569918979,Renovated 1 1/2 Studio Apartment for Rent in Lachine,799 $,"['Available immediately or the first day of next month. Bright semi-basement 1 1/2 with an independent entrance. Fully renovated kitchen and bathroom. Fridge and stove included. Pet friendly. Walking distance from IGA and Metro grocery stores. Space to bring your own stacked washer/dryer and install inside the apartment; otherwise, walking distance to a laundromat. Smoking is not allowed. If you are interested, please call me at the number provided.']",", Lachine H8S 3Y7 QC, Canada",il y a 12 minutes,"['0', '1 an', '<span>3 juin 2021</span>', 'Oui', '240', 'Non', 'Non', 'Non<']",https://www.kijiji.ca/v-appartement-condo/ville-de-montreal/renovated-1-1-2-studio-apartment-for-rent-in-lachine/1569918979,apartment
1505790458,3 ½ NEUF À LOUER À LAVAL,1 250 $,"[""VISITEZ LES CONDOS SOLÉA À LOUER DÈS MAINTENANTAppartements neufs locatifs ABORDABLES sont situés au 3620, boulevard Saint-Elzéar Ouest, dans un quartier grouillant de bonnes adresses comme le Marché 440, le Centre Laval et le Centropolis où se côtoient commerces, restos et activités récréatives.*** Une enquête de crédit et vérification auprès du tribunal administratif (Régie) seront effectuéesRéservez votre visite pour un 3.5 RAPIDEMENT: 450 600-2336.En plus de vivre dans le confort de votre superbe condo neuf à petit prix, les appartements à Soléa vous offrent un espace de vie adapté à votre style de vie :-Tous les électroménagers sont inclus (frigo, cuisinière, lave-vaisselle en acier inoxydable, laveuse et sécheuse)-Entrée laveuse-sécheuse dans chaque condo-Stationnement extérieur et intérieur abordable ($)-Insonorisation supérieure (structure de béton)-Balcon vitré pour admirer la vue-Discutez avec nos agents de location pour connaître la progression des espaces communs de la tour!-Rangement pour vélos pour le bonheur des sportifs-Wi-Fi gratuit dans les aires communes pour être connecté partout-Système d'interphone, puce électronique et caméras de surveillance pour votre sécurité-Concierges résidents là pour vous aider-Ascenseurs, chute à déchet sur chaque étage-Chats opérés et chiens de 10 livres et moins acceptés-À distance de marche : Marché 440, transport en commun, grandes chaînes de magasins et parcs.Choisir condos Soléa, c'est vivre dans un immeuble de convivialité abordable.Visitez votre futur 3.5 sans tarder! Appelez-nous ou envoyez-nous un SMS au 450-600-2336.*Les photos que vous voyez sont à titre de modèle.**Considérant la situation actuelle, nous avons mis en place des mesures de précaution contre le COVID-19 lors des visites de nos appartements, visitez notre site web pour en savoir plus.""]","3620, boulevard Saint-Elzéar Ouest, Laval, QC, H7M 1E2",il y a 14 minutes,"['0', '1 an', '<span>1 juillet 2021</span>', 'Oui', '695', 'Non', 'Oui', 'Non<']",https://www.kijiji.ca/v-appartement-condo/ville-de-montreal/3-neuf-a-louer-a-laval/1505790458,apartment
1569918709,Renovated 2.5 Available in NDG,840 $,"['Renovated 2.5 available in NDG! Only 10 minutes from downtown, and located on a central bus route, the unit includes a fridge, stove, heat, hot water, wifi.Close to all major amenities such as the super hospital, Vendome metro!']","5800 Chemin Upper Lachine, Montréal, QC H4A 2R4, Canada",il y a 14 minutes,"['0', '1 an', '<span>4 juin 2021</span>', 'Oui', '300', 'Non', 'Non', ""Seulement à l'extérieur<""]",https://www.kijiji.ca/v-appartement-condo/ville-de-montreal/renovated-2-5-available-in-ndg/1569918709,apartment
1569918659,Grand 5 ½ – nouvellement rénové à Anjou,1 275 $,"[""Disponible pour juillet. Grand 5 1/2 au 2e étage d’un 6plex, nouvellement rénové avec nouveau plancher et nouvelle cuisine. Trois chambres fermées avec grande salle à manger et un grand salon.\nEntrées laveuse-sécheuse dans la cuisine de l’appartement.\nStationnement disponible sur la rue et un stationnement municipal gratuit à l’arrière de l’immeuble.\nPrès de tous les services: transports en commun, écoles, magasins, restaurants....\nConditions: Pas d'animaux, préférences aux non fumeurs et bonnes références\nInfo: 514-512-9719 ou 514 619-4045""]","7057 Avenue Guy, Anjou, QC H1K 2T8, Canada",il y a 15 minutes,"['0', '1 an', '<span>1 juillet 2021</span>', 'Non', '1\xa0100', 'Non', 'Non', 'Non<']",https://www.kijiji.ca/v-appartement-condo/ville-de-montreal/grand-5-nouvellement-renove-a-anjou/1569918659,apartment
1569918583,"TOUT INCLUS, BALCON, METRO MONT-ROYAL",1 100 $,"['Tout Inclus (Électricite, Chauffage, Eau Chaude)\nFour et Refrigerateur Inclus\nEnsoleille\n1 Chambre fermee\nPlanchers de Bois Franc\nBalcon avec Portes Patio\nBuanderie au Sous-Sol\nConcierge sur Place\nRue Residentielle\nRue de Brebeuf, coin Mont-Royal\nPres d’Épiceries, Banques, Pharmacie, Restaurants, Boutiques, Cafes, Parcs, Piste Cyclable\nAutobus 11, 14, 97, 368\n7 Minutes à Pied du Metro Mont-Royal\nPas d’Animaux\nLIBRE MAINTENANTAppelez au 514-596-1600ALL INCLUSIVE, BALCONY, MONT-ROYAL METROAll Inclusive (Electricity, Heating, Hot Water)\nFridge and Stove Included\nSunny\n1 Closed Bedroom\nHardwood Floors\nBalcony with Patio Doors\nLaundry in Basement\nJanitor on Site\nResidential Street\nDe Brebeuf Street, corner Mont-Royal\nClose to Groceries, Pharmacy, Banks, Shops, Restaurants, Cafes, Parks, Bicycle Path\nBus 11, 14, 97, 368\n7 Minutes walk to Mont-Royal Metro Station\nNo Pets\nAVAILABLE NOW\t\nCall at 514-596-1600']","4530 Rue de Brébeuf, Montréal, QC H2J 3L3, Canada",il y a 15 minutes,"['0', '1 an', '<span>3 juin 2021</span>', 'Non', '750', 'Non', 'Non', ""Seulement à l'extérieur<""]",https://www.kijiji.ca/v-appartement-condo/ville-de-montreal/tout-inclus-balcon-metro-mont-royal/1569918583,apartment
1559468102,"Beautiful, updated  2 1/2, 1 bedroom,bright, large apt, art deco",995 $,"[""Large one bedroom STUDIO 2 1/2 unit located in the centre of Snowdon\n4982 Queen Mary Road, Montreal, Quebec, H3W-1X2\nFlooring: Hardwood\nAppliances: Refrigerator (frost free), Stove/Range (electric)\nHeating: Baseboard electric\nIncluded: Heat, hot-water, electricity.The Unit:\n- Large livingroom/bedroom with art-deco lighting\n- huge windows\n- Updated kitchen & bathroom\n- High ceilings\n- Hardwood floors\n- Cable-ready\n- Internet-ready (Videotron, Bell)\n- Individual thermostats in each room (control your own heat)\nThe Building:\n- Built in 1939, art deco style\n- Gorgeous central courtyard\n- Intercom system\n- Security cameras\n- Full-time concierge\n- Clean and well maintained\n- Indoor parking ($130-160/mth)\n- New, clean, digital laundry centre\nThe Area:\n- Across the street from the Snowdon metro\n- Major bus routes (17, 51, 166, 371)\n- Decarie autoroute, 40, 20, Ville-Marie\n- Great restaurants, shopping, salons, grocery stores\n- Close to everything!\nTo visit or for additional information, please call Yael at 514-502-7027.\nThank you\n=============================================================\nGrande appt une chambre située dans le centre de Snowdon\n4982, chemin Queen Mary, Montréal, Québec, H3W-1X2\nPlancher: Bois franc\nAppareils: Réfrigérateur (sans givre), cuisinière (électrique)\nChauffage: plinthe électrique\nInclus: Chauffage, eau chaude, électricité.L'unité:\n- Grand salon/chambre avec éclairage art-déco\n- Cuisine et salle de bain mises à jour\n- De hauts plafonds\n- Planchers de bois franc\n- Prêt pour le câble\n- Prêt pour Internet (Vidéotron, Bell)\n- Thermostats individuels dans chaque pièce (contrôlez votre propre chaleur)\nLe bâtiment:\n- Construit en 1939, style art déco\n- magnifique cour centrale\n- Système d'interphone\n- Des caméras de sécurité\n- concierge à temps plein\n- Propre et bien entretenu\n- Stationnement intérieur (130-160 $ \u200b\u200b/ mois)\n- Nouveau centre de blanchisserie numérique propre\nLa zone:\n- En face du métro Snowdon\n- Lignes de bus principales (17, 51, 166, 371)\n- Autoroute Décarie, 40, 20, Ville-Marie\n- Grands restaurants, boutiques, salons, épiceries\n- Proche de tout!\nPour visiter ou pour de plus amples informations, veuillez appeler Yael au 514-502-7027 .\nJe vous remercie""]","4982 Chemin Queen Mary, Montréal, QC H3W 1Y5, Canada",il y a 16 minutes,"['0', '1 an', '<span>1 juillet 2021</span>', 'Limité', '425', 'Non', 'Non', ""Seulement à l'extérieur<""]",https://www.kijiji.ca/v-appartement-condo/ville-de-montreal/beautiful-updated-2-1-2-1-bedroom-bright-large-apt-art-deco/1559468102,apartment
1569558013,"Beautiful, updated, 3 1/2 , bright, art deco -Aug 1",1 145 $,"[""Large one bedroom unit located in the centre of Snowdon\n4982 Queen Mary Road, Montreal, Quebec, H3W-1X2\nFlooring: Hardwood\nAppliances: Refrigerator (frost free), Stove/Range (electric), dishwasher\nHeating: Baseboard electric\nIncluded: Heat, hot-water, electricity.The Unit:\n- Huge livingroom with décorative fireplace\n- Great bedrooms with art-deco lighting\n- huge windows\n- Updated kitchen & bathroom\n- High ceilings\n- Hardwood floors\n- Cable-ready\n- Internet-ready (Videotron, Bell)\n- Individual thermostats in each room (control your own heat)\nThe Building:\n- Built in 1939, art deco style\n- Gorgeous central courtyard\n- Intercom system\n- Security cameras\n- Full-time concierge\n- Clean and well maintained\n- Indoor parking ($140-180/mth)\n- New, clean, digital laundry centre\nThe Area:\n- Across the street from the Snowdon metro\n- Major bus routes (17, 51, 166, 371)\n- Decarie autoroute, 40, 20, Ville-Marie\n- Great restaurants, shopping, salons, grocery stores\n- Close to everything!\nTo visit or for additional information, please call Yael at 514-502-7027 .\nThank you\n=============================================================\nGrande unité 3 1/2 située dans le centre de Snowdon\n4982, chemin Queen Mary, Montréal, Québec, H3W-1X2\nPlancher: Bois franc\nAppareils: Réfrigérateur (sans givre), cuisinière (électrique), lave-vaisselle\nChauffage: plinthe électrique\nInclus: Chauffage, eau chaude, électricité.L'unité:\n- Grand salon avec cheminée décorative\n- Grandes chambres avec éclairage art-déco\n- d'immenses fenêtres\n- Cuisine et salle de bain mises à jour\n- De hauts plafonds\n- Planchers de bois franc\n- Prêt pour le câble\n- Prêt pour Internet (Vidéotron, Bell)\n- Thermostats individuels dans chaque pièce (contrôlez votre propre chaleur)\nLe bâtiment:\n- Construit en 1939, style art déco\n- magnifique cour centrale\n- Système d'interphone\n- Des caméras de sécurité\n- concierge à temps plein\n- Propre et bien entretenu\n- Stationnement intérieur (140-180 $ \u200b\u200b/ mois)\n- Nouveau centre de blanchisserie numérique propre\nLa zone:\n- En face du métro Snowdon\n- Lignes de bus principales (17, 51, 166, 371)\n- Autoroute Décarie, 40, 20, Ville-Marie\n- Grands restaurants, boutiques, salons, épiceries\n- Proche de tout!\nPour visiter ou pour de plus amples informations, veuillez appeler Yael au 514-502-7027\nMerci""]","4982 Chemin Queen Mary, Montréal, QC H3W 1Y5, Canada",il y a 16 minutes,"['0', '1 an', '<span>1 août 2021</span>', 'Limité', '675', 'Non', 'Non', ""Seulement à l'extérieur<""]",https://www.kijiji.ca/v-appartement-condo/ville-de-montreal/beautiful-updated-3-1-2-bright-art-deco-aug-1/1569558013,apartment
1557021050,"GRAND 4 1/2 , 2 CHAMBRES FERMÉES METRO PIE IX",1 220 $,"[""Disponible pour le premier juillet\nGrand 4 1/2 deux chambres fermées\nPres du métro pie IX de tous les services et de la promenade Ontario et du marché Morgan\nSitué au deuxième étage d'un immeuble de 5 logements avec propriétaire occupant\nAccès au jardin arrière\nBalcon privé a l'avant et balcon arrière\nBien éclairé et bien ventilé\nPossibilité d'électroménagers et de meubles.\nRichard : 514-966-1153""]","1438 Avenue Jeanne-d'Arc, Montréal, QC H1W 3T4, Canada",il y a 17 minutes,"['0', '1 an', '<span>1 juillet 2021</span>', 'Limité', '750', 'Oui', 'Non', ""Seulement à l'extérieur<""]",https://www.kijiji.ca/v-appartement-condo/ville-de-montreal/grand-4-1-2-2-chambres-fermees-metro-pie-ix/1557021050,apartment
1569575984,"5 minutes de Metro Acadie,",1 475 $,"[""Grand Logement, 4 Chambres et 2 Salle de Bain.3 chambres-a-coucher avec grandes fenetres, et un 4iem chambre a coucher sans fenetre.\nCuisine, Salon / Salle-a-manger, et 2 Salle de bains en ceramics.\nInstallations Laveuse / Secheuse.\nGrand balcon en arriere.\n2iem etage.à proximité de toutes commodités, banques, pharmacie, épiceries et restaurants.possibilité d'inclure un réfrigérateur, une cuisinière, une laveuse et une sécheuse1ier Juillet ou Avant.5 minutes a pied de Metro Acadie.Pour plus info ou RDV appeller ou texter au\n514-831-7634Merci----------------Fully Renovated Apartment.\n3 closed bedrooms with big windows and a 4th small bedroom .\nKitchen, Living / Dining room, and 2 bathrooms with Ceramics.\nWasher / Dryer installations.\nLarge balcony at the back.\n2nd floor.close to all amenities, banks, pharmacy, grocery stores and restaurants, etc..Possibility to include appliances,\nRefridgerator, Stove, Washer and Dryer.July 1st or before.5 minutes walk from Metro Acadie.For more info or appointment call or text at\n514-831-7634Thank you""]","990 Rue Jean-Talon O, Montréal, QC H3N 1S8, Canada",il y a 18 minutes,"['0', '1 an', '<span>1 juillet 2021</span>', 'Oui', '1\xa0100', 'Oui', 'Non', ""Seulement à l'extérieur<""]",https://www.kijiji.ca/v-appartement-condo/ville-de-montreal/5-minutes-de-metro-acadie/1569575984,apartment
1567407720,"3 et demi  style studio, 5 minutes de Metro Parc, Montreal",795 $,"[""Chambre double, Cuisine et Salle de bain.\nStyle Studio, toute en ceramics.\nConstruction en beton, tranquille, seulement 2 logements sur l'etage.à proximité de toutes commodités, banques, pharmacie, épiceries et restaurants.\n5 minutes a pied de Metro Parc.Pour plus info ou RDV appeller ou texter au\n514-831-7634Merci---------------Double bedroom, Kitchen and Bathroom.\nStudio style, all in ceramics.\nConcrete construction, quiet, only 2 apartments on the floor.close to all amenities, banks, pharmacy, grocery stores and restaurants.\n5 minutes walk from Metro Parc.For more info or appointment call or text at\n514-831-7634Thank you""]","632 Rue Jean-Talon O, Montréal, QC H3N 1R7, Canada",il y a 18 minutes,"['0', '1 an', '<span>1 juillet 2021</span>', 'Oui', '500', 'Oui', 'Non', 'Non<']",https://www.kijiji.ca/v-appartement-condo/ville-de-montreal/3-et-demi-style-studio-5-minutes-de-metro-parc-montreal/1567407720,apartment
1569917818,"1/08 (libre le 20/07), 4 1/2 à 2min à pied station Beaubien, A/C",1 285 $,"[""Dans le hotspot de La Petite Italie, situé à :\n- 2min à pied du métro beaubien/bus/bixi\n- 2min à pied de la plaza saint hubert avec toutes les commodités (pharmacie, cafés, restaurants, IGA, depanneurs, boutiques trendy, etc...)\n- proximité à pied Mile end, Villeray, Plateau, etc!\n4 et demi, très propre, avec des materieux de très bonne qualite. Il est équipé :\n- d'une petite terrasse en arrière flambant neuve\n- d'une climatisation\n- d'un bain\n- de multiples rangements\n- de prise pour aspirateur mural\n- d'éclairages LED avec variateur\nLe voisinage est calme et sympathique.\nÀ noter les exlusions suivantes :\n- Électros non inclus (possibilité de racheter le lave vaiselle)\n- Pas d'animaux\n- Pas de cannabis\n- Pas de collocation\nLes 2 stores sont a vendre déja posés ainsi que les 2 tabourets de bar, le tout pour 75$.\nReprise de bail : 1 285$/mois.\nUne enquête de crédit sera demandée\nDéménagement : 1er aout, libre dès le 20/07.\nVisite sur RDV seulement.\nAu plaisir!""]","Avenue De Chateaubriand, Montréal, QC H2S 2N4, Canada",il y a 21 minutes,"['0', '1 an', '<span>1 août 2021</span>', 'Non', '640', 'Non', 'Oui', 'Non<']",https://www.kijiji.ca/v-appartement-condo/ville-de-montreal/1-08-libre-le-20-07-4-1-2-a-2min-a-pied-station-beaubien-a-c/1569917818,apartment
1569917805,3 1/2 à Anjou,690 $,"[""3 1/2 au sous d'un triplex. Situé proche des Galeries d'Anjou. À quelques minutes du métro Radisson. Électricité et chauffage non inclus. 690$ par mois. Pour infos svp telephoner au 514 322-7992""]","7360 Avenue de la Nantaise, Anjou, QC H1M 1B5, Canada",il y a 21 minutes,"['0', '1 an', '<span>1 juillet 2021</span>', 'Oui', '450', 'Non', 'Non', ""Seulement à l'extérieur<""]",https://www.kijiji.ca/v-appartement-condo/ville-de-montreal/3-1-2-a-anjou/1569917805,apartment
1569917541,"1 MOIS GRATUIT, RÉNOVÉ, PISCINE, METRO VILLA-MARIA",1 095 $,"['1 MOIS GRATUIT\nRenove en 2020\nEn Face de la Place Couture-Guillaume\nChauffage, Eau Chaude Inclus\nFour et Refrigerateur Inclus\nBalcon\nLocker\nChute à Dechet\nAscenseur\nPiscine\nSauna\nSuperbe Vue sur la Ville\nBuanderie au Sous-Sol ($)\nGarage avec Telecommande\nConcierge sur Place\nDetecteur de fumee, de feu et de chaleur\nSysteme de surveillance camera 24/7\nPuce d’acces\nRue de Terrebonne, coin Girouard\nWALK SCORE : 91\nTRANSIT SCORE : 86\nBIKE SCORE : 84\nPres du Provigo, Banques, Pharmacie, Restaurant Côte-St-Luc BBQ, Boutiques, Parcs, Village Monkland\n20 Min de l’Universite de Montreal\nAutobus 17, 63, 66, 102, 371\n8 MIN à Pied du Metro Villa-Maria\nPas d’Animaux\nDISPONIBLE MAINTENANTAppelez Toula au 514-481-73141 MONTH FREE, RENOVATED, FRONT OF A PARK, POOL, SAUNA, VILLA-MARIA METRO1 MONTH FREE\nRenovated in 2020\nIn Front of Guillaume-Couture Place\nHeating and Hot Water Included\nFridge and Stove Included\nBalcony\nLocker\nGarbage Chute\nElevator\nPool\nSauna\nAmazing View of the City\nLaundry in Basement ($)\nGarage with Remote\nJanitor on Site\nLinked smoke, fire and heat detector\nSurveillance camera system 24/7\nKey Fob\nDe Terrebonne Street, Girouard Corner\nWALK SCORE : 91\nTRANSIT SCORE : 86\nBIKE SCORE : 84\nClose to Provigo, Pharmacy, Banks, Shops, Restaurant Côte-St-Luc, Parks, Monkland Village\n20 Min to Montreal University\nBus 17, 63, 66, 102, 371\n8 MIN Walk to Villa-Maria Metro Station\nNo Pets\nAVAILABLE NOWCall Toula at 514-481-7314']","5455 Rue de Terrebonne, Montréal, QC H4A 3R5, Canada",il y a 23 minutes,"['0', '1 an', '<span>3 juin 2021</span>', 'Non', '900', 'Non', 'Non', ""Seulement à l'extérieur<""]",https://www.kijiji.ca/v-appartement-condo/ville-de-montreal/1-mois-gratuit-renove-piscine-metro-villa-maria/1569917541,apartment
1569917269,"7 1/2 RÉNOVÉ PLATEAU RDC LUMINEUX 5 ÉLECTROS, 4 CHAMBRES",2 375 $,"[""7 1/2 RÉNOVÉ PLATEAU RDC LUMINEUX 5 ÉLECTROS, 4 CHAMBRESOUI C’EST DISPONIBLE : POUR LE 1ER JUILLET OU 1ER AOÛTBEAU GRAND 71/2 (1400 P2) LUMINEUX AU RDC D’UN DUPLEX SUR LA RUE DE BORDEAUX. APPARTEMENT TRÈS CHARMANT RÉNOVÉ AVEC GOÛT EN 2016POSSIBILITÉ DE 4 CHAMBRES FERMÉES. 2 GRANDES PIÈCES DOUBLES DIVISÉES PAR DES PORTES FRANÇAISES (VOIR PHOTOS) EN CE MOMENT IL Y A DES PANNEAUX RIGIDES QUI BLOQUE LES PORTES POUR PLUS D’INTIMITÉ. (CES PANNEAUX PEUVENT ÊTRE ENLEVÉS)GRANDE CUISINE RÉNOVÉE AVEC SALON ET SALLE À MANGER DANS UN TRÈS GRAND ESPACE OUVERT AVEC TRÈS GRANDE PORTE PATIO.PETITE COUR PRIVÉE EN PAVÉ UNI AVEC TOIT COUVERT EN VITRE! SALLE DE LAVAGE ET DE RANGEMENT À L'ARRIÈRE + RANGEMENT AU SOUS SOL.5 ÉLECTROS INCLUS.RUE TRÈS TRANQUILE À 2 MIN DE MARCHE DU PARC LAFONTAINE.À 100 MÈTRES DE L'ÉPICERIE BIGRAS ET PRÈS DE TOUS LES SERVICES SUR LA RUE MONT-ROYAL.**NON FUMEUR** PAS DE CHIENS ______________________________________________________________________ BEAUTIFULL, LARGE AND BRIGHT 71/2 (1400 SF) AT THE MAIN FLOOR OF A DUPLEX ON BORDEAUX STREET. RENOVATED IN 2016. A 2 MIN WALK FROM PARC LAFONTAINE.POSSIBILTY OF 4 ROOMS : 2 DOUBLE ROOMS DIVIDED BY FRENCH DOORS (SEE PICS) LIVING ROOM, DINING ROOM AND RENOVATED KITCHEN ARE ALL IN A HUGE OPEN SPACE AREA WITH VERY LARGE PATIO DOOR (8X8)PRIVATE BACKYARD FINISHED IN STONE AND COVERED WITH GLASS!LAUNDRY ROOM AND STORAGE SPACE AT THE BACK. 5 APPLIANCES INCLUDED.100 METERS AWAY FROM GROCERY STORE AND MINUTES AWAY FROM ALL SERVICES ON MONT-ROYAL STREET.**NO SMOKING** NO DOGS""]",", Montreal h2k3z5 QC, Canada",il y a 25 minutes,"['0', '1 an', '<span>1 juillet 2021</span>', 'Limité', '1\xa0400', 'Non', 'Oui', 'Non<']",https://www.kijiji.ca/v-appartement-condo/ville-de-montreal/7-1-2-renove-plateau-rdc-lumineux-5-electros-4-chambres/1569917269,apartment
1569917263,4 et demie avec superbe jardin au plateau mont royal 1 aout,1 545 $,['Très bel appartement a louer juste a coté du parc laurier sur Chambord et laurier.2 chambres fermées avec fenêtres.Secteur très tranquille.Superbe jardin cote soleillibre le 1 Aout.Électricité non inclus'],"5192 Rue Chambord, Montréal, QC H2J 3N5, Canada",il y a 25 minutes,"['0', '1 an', '<span>1 août 2021</span>', 'Limité', '1\xa0100', 'Non', 'Non', ""Seulement à l'extérieur<""]",https://www.kijiji.ca/v-appartement-condo/ville-de-montreal/4-et-demie-avec-superbe-jardin-au-plateau-mont-royal-1-aout/1569917263,apartment
1569917232,4.5 juillet | RÉNOVÉ | Animaux acceptés | Sud-Ouest @ 1250$/m.,1 250 $,"[""2 chambres fermées | Complètement RÉNOVÉ | Animaux acceptés avec conditions | Disponible 1er juillet | Près du métro Jolicoeur et parc en faceBON PROPRIÉTAIRE RECHERCHE BON LOCATAIRE pour 4 1/2 au 2e étage dans un 6 plex avec des voisins agréable, sans problème et stable. Ce logement est idéal pour un couple, jeunes professionnels ou étudiants sérieux. Il est bien situé à seulement quelques minutes à pied du métro JOLICOEUR et autre transport en commun.*DÉTAILS DE L’APPARTEMENT :- Salon avec grandes fenêtres\n- Belle salle de bain\n- Cuisine avec rénovations\n- Entrées laveuse/sécheuse\n- Plancher de bois-franc\n- Grande luminosité\n- Chauffage électrique\n- Chauffe-eau dans l’unité\n- Balcon privé à l'arrière*EXCLUSIONS :- Électroménagers\n- Électricité, chauffage et eau chaude (approx. 75$/mois).SERVICES À PROXIMITÉ:- Métro Jolicoeur\n- Supermarché (Métro, IGA)\n- Garderie pour enfants\n- École Marie-De-l'Incarnation\n- Piste cyclable\n- Parc St-Paul\n- Transport en commun (autobus, métro)*************************************Prix/Price: 1250$Adresse | address:1665 rue Le Caron\nSud-Ouest (Montréal)\nH4E 1K1Disponible pour juillet | Available for JulyPour une visite appelez | For a visit please call :Karen @ 514-814-4643************************************2 closed bedrooms | Pets allowed with conditions | Available April 1st or before | Near Jolicoeur metro and park in frontGOOD PROPERTY OWNER LOOKING FOR GOOD TENANT for a 2nd floor 4 and a half in a 6plex building with enjoyable, stable and quality neighbors. This unit is ideal for a couple, young professionals or serious students. The location of the apartment is very convenient, it is only minutes from Jolicoeur metro by foot and provides easy access to public transit.*DETAILS OF THE APARTMENT :- Living room with large window\n- Beautifully renovated bathroom\n- Beautifully renovated kitchen\n- Washer and dryer outlet\n- Hardwood floors\n- Very bright\n- Hot water tank for the unit\n- Private balcony in the backEXCLUSIONS :- Appliances\n- Electricity, heating and hot water (approx. 75$/month).SERVICES NEARBY:- Jolicoeur metro\n- Supermarkets (Metro, IGA)\n- Schools\n- Bicycle path\n- Park St-Paul\n- Public transit (bus, metro)""]","1665 Rue le Caron, Montréal, QC H4E 1K1, Canada",il y a 25 minutes,"['0', '1 an', '<span>1 juillet 2021</span>', 'Oui', '750', 'Non', 'Non', ""Seulement à l'extérieur<""]",https://www.kijiji.ca/v-appartement-condo/ville-de-montreal/4-5-juillet-renove-animaux-acceptes-sud-ouest-1250-m/1569917232,apartment
1569578889,Grand 3 1/2 juin ou juillet ,937 $,['- chauffage et eau chaude inclus.\n- électroménagères inclus ( lave vaisselle - frigo - poêle )\n- laveuse et sécheuse dans l’immeuble.\n- tres grand espace.\n- immeuble très propre et entretenue à chaque jour\n- possible de vendre le sofa et le lit( acheter en novembre 2020)\n-Stationnement intérieur et extérieur\nEnquête de crédit requise\nContactez Yacine au: 5145318849'],"7460 Chemin Kingsley, Côte Saint-Luc, QC H4W 1P3, Canada",il y a 26 minutes,"['0', '1 an', '<span>1 juillet 2021</span>', 'Oui', '950', 'Non', 'Non', ""Seulement à l'extérieur"", 'Non', 'Non', 'Non<']",https://www.kijiji.ca/v-appartement-condo/ville-de-montreal/grand-3-1-2-juin-ou-juillet/1569578889,apartment
1569916842,"IMMEDIATELY, FURNISHED ROOM NEXT TO MCGILL AT $580",580 $,"['Furnished rooms available immediately, next to McGill, Concordia and UQAM University.Price starts from $580, fully furnished, all included. Students and young professionals are welcome. Flexible lease term.We have three locations, each is max 5 min walk to McGill, Concordia and UQAM University. You will be living at the heart of everything, Downtown Montreal.Our buildings are luxury highrises, and has lobby, concierge, swimming pool, gym, and secured entry.Please contact us for other details and to schedule a viewing']","Rue Drummond, Montréal, QC, Canada",il y a 28 minutes,Meublé : Oui|,https://www.kijiji.ca/v-chambres-a-louer-colocataire/ville-de-montreal/immediately-furnished-room-next-to-mcgill-at-580/1569916842,Room
1569916756,Chambre dans une belle colocation de 2 personnes,"974,75 $","[""Bonjour,Je recherche quelqu'un pour reprendre ma chambre dans un grand appartement lumineux et confortable près de la station de métro St Henri.1 grande chambre avec un lit king size et des rangements\nCuisine entièrement équipée avec lave-vaisselle, grille-pain, cafetière, mixeur\nMachine à laver et sèche-linge\nSalle de bain avec une douche et une baignoire\nGrand salon lumineux avec 2 canapés, une table à manger (pas sur la photo), un poste de travail, AC, TV grand écran avec Netflix, Disney +, Apple TV +, Hulu et Prime video, Nintendo Wii et une grande enceinte.\nPetit balcon\nAspirateur RoombaInternet inclus dans le loyer - l'électricité coûte environ 30 $ par mois en hiver et 15 $ en été - le bail se termine le 31 août 2021 mais il est possible de le renouveler.10 minutes du marché Atwater\n2 minutes de la station de métro St Henri ligne orange\n5 minutes d'IGA\n5 minutes de la rue Notre-Dame avec de nombreux restaurants et barsVous partageriez l'endroit avec Imran, jeune travailleur, facile à vivre, adore discuter et passer du bon temps, propre et organisé.Si vous êtes intéressé, merci d’envoyer une brève description de vous, ce que vous faites dans la vie, vos hobby etc.Le propriétaire demande une lettre de recommandation (en anglais) de votre propriétaire précédent / actuel ainsi qu'un historique de crédit.On peut organiser un premier tour de l’appartement en vidéo avant de planifier une vraie visite si vous voulez jeter un premier coup d'œil à l'appartement (nous essayons d'éviter trop de visites à cause du Covid).974,75 $ CA - La date d’emménagement est flexible.--Hi there,I’m looking for someone to take over my lease in a large, bright and cosy apartment near St Henri subway station.1 large bedroom with a king size bed and lots of storage space.\nFully equipped kitchen with dishwasher, toaster, coffee maker, blender\nIn unit washing machine and dryer\nBathroom with a shower and a bath tub\nLarge bright living room with 2 couches, a dinning table (not in the picture), a working station, AC, large screen TV with Netflix, Disney +, Apple TV+, Hulu and Prime video, Nintendo Wii (yes, it used to be a thing) and a massive speaker.\nSmall balcony\nRoomba vacuum cleanerInternet included in rent - hydro is around $30 a month in winter and $15 in summer - lease ends on August 31st, 2021 and is renewable.10 minutes away from Atwater market\n2 minutes away from St Henri subway station line orange\n5 minutes away from IGA\n5 minutes away from Notre Dame street with plenty of restaurants and bars (which hopefully will reopen soon !)You would be sharing the place with Imran, young worker, easy going, clean and organized.Please add a small description of who you are, what you do, what you like etc if you're interested by the room.If you’re interested the landlord is asking for a recommendation letter (in English) from your previous/current landlord as well as a credit check.I’ll be happy to show you the place on video call before scheduling a visit so you can have a first look at the apartment (we’re trying to avoid too many visits because of Covid)CA$974.75 - Moving date is flexible.""]","614 Rue Saint-Philippe, Montréal, QC H4C 2V6, Canada",il y a 28 minutes,Meublé : Oui|,https://www.kijiji.ca/v-chambres-a-louer-colocataire/ville-de-montreal/chambre-dans-une-belle-colocation-de-2-personnes/1569916756,Room
1569916387,4 1/2 deux ch au plateau mont-royal avec cour et stationnement.,1 275 $,"['4 1/2 a louer dans un super secteur au plateau mont-royal, a 2 pas du parc laurier et du métro laurier.Électricité non inclus.1 stationnement inclus.']","5043 Rue de Brébeuf, Montréal, QC H2J 3L6, Canada",il y a 31 minutes,"['1', '1 an', '<span>1 juillet 2021</span>', 'Limité', '750', 'Non', 'Non', ""Seulement à l'extérieur<""]",https://www.kijiji.ca/v-appartement-condo/ville-de-montreal/4-1-2-deux-ch-au-plateau-mont-royal-avec-cour-et-stationnement/1569916387,apartment
1569916317,"1 MOIS GRATUIT, STUDIO RENOVE, PISCINE, METRO VILLA-MARIA",925 $,"['1 MOIS GRATUIT\nRenove en 2020\nEn Face de la Place Couture-Guillaume\nChauffage, Eau Chaude Inclus\nFour et Refrigerateur Inclus\nBalcon\nLocker\nChute à Dechet\nAscenseur\nPiscine\nSauna\nSuperbe Vue sur la Ville\nBuanderie au Sous-Sol ($)\nGarage avec Telecommande\nConcierge sur Place\nDetecteur de fumee, de feu et de chaleur\nSysteme de surveillance camera 24/7\nPuce d’acces\nRue de Terrebonne, coin Girouard\nWALK SCORE : 91\nTRANSIT SCORE : 86\nBIKE SCORE : 84\nPres du Provigo, Banques, Pharmacie, Restaurant Côte-St-Luc BBQ, Boutiques, Parcs, Village Monkland\n20 Min de l’Universite de Montreal\nAutobus 17, 63, 66, 102, 371\n8 MIN à Pied du Metro Villa-Maria\nPas d’Animaux\nLIBRE MAINTENANTAppelez Toula au 514-481-73141 MONTH FREE, TOTALLY RENOVATED STUDIO POOL, VILLA-MARIA METRO1 MONTH FREE\nRenovated in 2020\nIn Front of Guillaume-Couture Place\nHeating and Hot Water Included\nFridge and Stove Included\nBalcony\nLocker\nGarbage Chute\nElevator\nPool\nSauna\nAmazing View of the City\nLaundry in Basement ($)\nGarage with Remote\nJanitor on Site\nLinked smoke, fire and heat detector\nSurveillance camera system 24/7\nKey Fob\nDe Terrebonne Street, Girouard Corner\nWALK SCORE : 91\nTRANSIT SCORE : 86\nBIKE SCORE : 84\nClose to Provigo, Pharmacy, Banks, Shops, Restaurant Côte-St-Luc, Parks, Monkland Village\n20 Min to Montreal University\nBus 17, 63, 66, 102, 371\n8 MIN Walk to Villa-Maria Metro Station\nNo Pets\nAVAILABLE NOWCall Toula at 514-481-7314']","5455 Rue de Terrebonne, Montréal, QC H4A 3R5, Canada",il y a 31 minutes,"['0', '1 an', '<span>3 juin 2021</span>', 'Non', '800', 'Non', 'Non', ""Seulement à l'extérieur<""]",https://www.kijiji.ca/v-appartement-condo/ville-de-montreal/1-mois-gratuit-studio-renove-piscine-metro-villa-maria/1569916317,apartment
1569916266,3 1/2 à louer à Ahuntsic - H3L2M7,900 $,"[""Logement complètement rénové et frais peint de 3 pièces fermées (1 chambre à coucher, salon, cuisine et salle de bain) plus une salle de lavage.\nDemi sous-sol bien éclairé près du métro Henri-bourassa.\nEnquête de crédit sera faite\nPrix: 900$ électricité NON-incluse.\nContact par téléphone seulement (svp. pas de message texte)\n514-575-9278\nSi l'annonce est encore là, c'est qu'il est possible de le visiter.""]","Boulevard Grande Allèe, Montréal, QC H3L 1B4, Canada",il y a 32 minutes,"['0', '1 an', '<span>1 juin 2021</span>', 'Non', '600', 'Non', 'Non', 'Oui<']",https://www.kijiji.ca/v-appartement-condo/ville-de-montreal/3-1-2-a-louer-a-ahuntsic-h3l2m7/1569916266,apartment
1569916056,"JOLIE CONDO 4 ½, PLATEAU/MILE-END, METRO LAURIER, AVEC GARAGE ET",1 745 $,"[""Condo niveau terrasse situé dans une belle cour intérieure (unique sur le Plateau). Avec garage intérieur, terrasse, 2 chambres fermées, plancher en bois franc, aspirateur centrale, lave-vaisselle, salle de lavage, beaucoup de rangement. Très sécuritaire, insonorisation supérieure et très tranquille (un havre de paix). A 5 minutes à pied du métro Laurier et du Mile End. Situé dans le meilleur quartier de Montréal. Près de tout les services, restos et boutiques. Disponible pour le 1er juillet ou le 1er août. VISITES SAMEDI ENTRE 3PM ET 5PM. SVP M'ÉCRIRE POUR RÉSERVER VOTRE PLACE.""]","5334 Rue Drolet, Montréal, QC H2T 2H4, Canada",il y a 33 minutes,"['1', '1 an', '<span>1 juillet 2021</span>', 'Oui', '1\xa0100', 'Non', 'Non', ""Seulement à l'extérieur<""]",https://www.kijiji.ca/v-appartement-condo/ville-de-montreal/jolie-condo-4-plateau-mile-end-metro-laurier-avec-garage-et/1569916056,apartment
1569915985,GRAND 41/2 RÉNOVÉ 1200PC LUMINEU UNITÉ DE COIN GARAGE BIEN SITUÉ,1 750 $,"['Grande unité de coin (1200 p.c.) avec 2 chambres à coucher à Ahuntsic. 1er étage. 2 Salles de bain. Propre. Bien maintenu. Immeuble tranquille. 2 Casiers de rangement inclus. Un Stationnement intérieur. Près du métro Crémazie, des principales lignes de bus et des pistes cyclables. Près des épiceries, pharmacies, etc. À côté du Complexe sportif Claude Robillard et du Collège Ahuntsic, et à proximité du Collège André-Grasset\n[APPARTEMENT MEUBLÉ – UNE POSSIBILITÉ- Frais Additionnel]Large (1200 sqft) 2-bedroom 2 bath corner condo in Ahuntsic. 1st floor. Clean. Well-maintained. Quiet building. Storage locker included. One indoor parking spot. Near Cremazie Metro, main bus routes and bike paths. Close to grocery stores, pharmacies, etc. Next door to Claude Robillard Sports Complex and Collège Ahuntsic, and close to Collège André-Grasset\n[FURNISHED APARTMENT A POSSIBILITY – Additional Costs]']","8901 Marcel Cadieux, H2M2L9, Montreal, QC",il y a 34 minutes,"['1', '1 an', '<span>1 août 2021</span>', 'Limité', '1\xa0200', 'Non', 'Oui', 'Non', 'Oui', 'Non', 'Non<']",https://www.kijiji.ca/v-appartement-condo/ville-de-montreal/grand-41-2-renove-1200pc-lumineu-unite-de-coin-garage-bien-situe/1569915985,apartment
1569915952,CHAMBRE POUR ARTISTES ACCÈS STUDIO,500 $,"[""1-Grande chambre pour artiste avec accès a un studio pour musique, danse ,théatre ou autres types d'art.\n2 j'ai un grand local artistique, salle d'événements dans lequel nous pouvons faire des activitées de groupe, et je cherche des artistes ont besoin d'un grand espace pour créer...ou organiser des ateliers ou événements...dont une partie des profits ira a vous. OBNL\nLa chambre se situe ds mon logement, et le local artistique se situe a 2 min de marche.\n514 702 8550""]","Avenue du Mont-Royal E, Montréal, QC H2J 1Z5, Canada",il y a 34 minutes,Meublé : Oui|Animaux acceptés : Non|,https://www.kijiji.ca/v-chambres-a-louer-colocataire/ville-de-montreal/chambre-pour-artistes-acces-studio/1569915952,Room
